Periodos,PIB
1980/01,10401367.61
1980/02,10342350
1980/03,10392733.01
1980/04,10927666.35
1981/01,11345848.49
1981/02,11564024.63
1981/03,11427297.67
1981/04,11759145.62
1982/01,11739627.5
1982/02,11650017.82
1982/03,11397428.97
1982/04,11286384.64
1983/01,11163156.39
1983/02,10952709.7
1983/03,10762491.89
1983/04,11064605.25
1984/01,11521509.44
1984/02,11274728.78
1984/03,11260790.39
1984/04,11429832.55
1985/01,11748571.41
1985/02,11628257.36
1985/03,11367630.01
1985/04,11615393.4
1986/01,11278255.89
1986/02,11503306.6
1986/03,10747058.79
1986/04,11009307.3
1987/01,11137876.91
1987/02,11543181.3
1987/03,11129229.09
1987/04,11646620.51
1988/01,11501000.15
1988/02,11678253.19
1988/03,11103016.65
1988/04,11728421.72
1989/01,11764439.83
1989/02,12178231.8
1989/03,11685108.16
1989/04,12051005.95
1990/01,12307181.98
1990/02,12654375.2
1990/03,12289241.31
1990/04,12931144.14
1991/01,12713377.41
1991/02,13349245.67
1991/03,12678199.4
1991/04,13436306.52
1992/01,13317626.77
1992/02,13636576.4
1992/03,13291879.03
1992/04,13793046.88
1993/01,13759053.96
1993/02,13889145.02
1993/03,13862878.87
1993/04,14077352.77
1994/01,14100080.57
1994/02,14655082.64
1994/03,14488831.89
1994/04,14787062.25
1995/01,14043942.17
1995/02,13287443.87
1995/03,13412238.39
1995/04,13857623.55
1996/01,14237650.1
1996/02,14340821.39
1996/03,14412887.42
1996/04,15005156.93
1997/01,14809591.4
1997/02,15584335.62
1997/03,15624252
1997/04,16153434.16
1998/01,16337214.14
1998/02,16539597.63
1998/03,16552799.28
1998/04,16587365.49
1999/01,16704973.28
1999/02,16929118.02
1999/03,17050482.21
1999/04,17151190.78
2000/01,17649705.01
2000/02,17862016.74
2000/03,18020884.4
2000/04,17714811.39
2001/01,17764232.95
2001/02,17874019.34
2001/03,17761059.87
2001/04,17526889.78
2002/01,17079137.49
2002/02,18016798.15
2002/03,17828003.41
2002/04,17834460.01
2003/01,17609605.88
2003/02,18082663.85
2003/03,17859147.3
2003/04,18045854.59
2004/01,18185015.46
2004/02,18770260.28
2004/03,18461379.99
2004/04,18733374.37
2005/01,18271688.44
2005/02,19218715.2
2005/03,18883270.71
2005/04,19343329.14
2006/01,19362570.76
2006/02,20116112.95
2006/03,19836008.96
2006/04,20040523.08
2007/01,19745597.37
2007/02,20509471.92
2007/03,20266835.2
2007/04,20482204.67
2008/01,19902921.79
2008/02,20998503.91
2008/03,20495872.63
2008/04,20370948.4
2009/01,18537259.15
2009/02,18827563.21
2009/03,19292209.62
2009/04,19963698.74
2010/01,19371870.87
2010/02,20180561.28
2010/03,20200797.99
2010/04,20676573.45
2011/01,20091352.13
2011/02,20682934.14
2011/03,20950181.65
2011/04,21475374.34
2012/01,21083780.27
2012/02,21522112.94
2012/03,21479008.35
2012/04,22071206.47
2013/01,21025801.06
2013/02,21893508.35
2013/03,21702816.35
2013/04,22268119.79
2014/01,21547782.44
2014/02,22320155.99
2014/03,22258188.34
2014/04,22939645.05
2015/01,22169554.36
2015/02,22843017.52
2015/03,23011745.8
2015/04,23448299.34
2016/01,22537031.34
2016/02,23359955.77
2016/03,23214541.36
2016/04,23982434.51
2017/01,23306068.74
2017/02,23710325.71
2017/03,23491266.41
2017/04,24328768.39
2018/01,23568392
2018/02,24395736.06
2018/03,24137287.71
2018/04,24605265.73
2019/01,23790581.65
2019/02,24154792.38
2019/03,24024906.35
2019/04,24356643.16
2020/01,23449993.64
2020/02,19252739.69
2020/03,22072209.17
2020/04,23504796.55
2021/01,22841359.69
2021/02,23623455.06
2021/03,23204796.82
2021/04,23949712.9
2022/01,23440574.47
2022/02,24310024.25
2022/03,24289379.48
2022/04,25052395.78
2023/01,24330982.54
2023/02,25108268.25
2023/03,25094793.14
2023/04,25590082.61
2024/01,24761655.52
2024/02,25655479.05
2024/03,25475446.45
2024/04,25693292.98
2025/01,24913610.28
2025/02,25618678.77
2025/03,25422850.19
2025/04,26135644.7
2026/01,24963384.14
2026/02,26144132.44
